"","V2","X","Standardized","V3.x","lon","lat","V0","V1","V3.y","V4","V5","V6","V7","V8","V9","V10","V11","V12"
"1","Aguamorta",3,"Aigues Mortes","Aguamorto",4.1925869,43.567172,8961,38,"Aguamorto","PROPN","SP","_",36,"nmod","_","SpaceAfter=No",NA,NA
"2","Alessandra",7,"Alessandria d'Egitto","Alessandra",29.9187387,31.2000924,8218,35,"Alessandra","PROPN","SP","_",36,"obl","_","_",NA,NA
"3","Alessandria",5,"Alessandria d'Egitto","Alessandria",29.9187387,31.2000924,8040,39,"Alessandria","PROPN","SP","_",35,"obl","_","_",NA,NA
"4","Alessandria",10,"Alessandria d'Egitto","Alessandria",29.9187387,31.2000924,8040,39,"Alessandria","PROPN","SP","_",35,"obl","_","_",NA,NA
"5","Alessandria",9,"Alessandria d'Egitto","Alessandria",29.9187387,31.2000924,8040,39,"Alessandria","PROPN","SP","_",35,"obl","_","_",NA,NA
"6","Alessandria",6,"Alessandria d'Egitto","Alessandria",29.9187387,31.2000924,8040,39,"Alessandria","PROPN","SP","_",35,"obl","_","_",NA,NA
"7","Allessandria",8,"Alessandria d'Egitto","Allessandria",29.9187387,31.2000924,765,22,"Allessandria","PROPN","SP","_",20,"nmod","_","_",NA,NA
"8","Atene",35,"Atene","Atene",23.7275388,37.9838096,5867,18,"Atene","PROPN","SP","_",10,"obl","_","_",NA,NA
"9","Atene",35,"Atene","Atene",23.7275388,37.9838096,5231,45,"Atene","PROPN","SP","_",43,"nmod","_","_",NA,NA
"10","Atene",35,"Atene","Atene",23.7275388,37.9838096,3926,9,"Atene","PROPN","SP","_",7,"nmod","_","SpaceAfter=No",NA,NA
"11","Atene",35,"Atene","Atene",23.7275388,37.9838096,5123,61,"Atene","PROPN","SP","_",59,"nmod","_","_",NA,NA
"12","Atene",35,"Atene","Atene",23.7275388,37.9838096,5836,49,"Atene","PROPN","SP","_",46,"obl","_","_",NA,NA
"13","Atene",35,"Atene","Atene",23.7275388,37.9838096,5765,17,"Atene","PROPN","SP","_",14,"nmod","_","_",NA,NA
"14","Atene",35,"Atene","Atene",23.7275388,37.9838096,4887,10,"Atene","PROPN","SP","_",0,"root","_","_",NA,NA
"15","Atene",35,"Atene","Atene",23.7275388,37.9838096,4870,68,"Atene","PROPN","SP","_",71,"obl","_","_",NA,NA
"16","Atene",39,"Atene","Atene",23.7275388,37.9838096,5867,18,"Atene","PROPN","SP","_",10,"obl","_","_",NA,NA
"17","Atene",39,"Atene","Atene",23.7275388,37.9838096,5231,45,"Atene","PROPN","SP","_",43,"nmod","_","_",NA,NA
"18","Atene",39,"Atene","Atene",23.7275388,37.9838096,3926,9,"Atene","PROPN","SP","_",7,"nmod","_","SpaceAfter=No",NA,NA
"19","Atene",39,"Atene","Atene",23.7275388,37.9838096,5123,61,"Atene","PROPN","SP","_",59,"nmod","_","_",NA,NA
"20","Atene",39,"Atene","Atene",23.7275388,37.9838096,5836,49,"Atene","PROPN","SP","_",46,"obl","_","_",NA,NA
"21","Atene",39,"Atene","Atene",23.7275388,37.9838096,5765,17,"Atene","PROPN","SP","_",14,"nmod","_","_",NA,NA
"22","Atene",39,"Atene","Atene",23.7275388,37.9838096,4887,10,"Atene","PROPN","SP","_",0,"root","_","_",NA,NA
"23","Atene",39,"Atene","Atene",23.7275388,37.9838096,4870,68,"Atene","PROPN","SP","_",71,"obl","_","_",NA,NA
"24","Atene",42,"Atene","Atene",23.7275388,37.9838096,5867,18,"Atene","PROPN","SP","_",10,"obl","_","_",NA,NA
"25","Atene",42,"Atene","Atene",23.7275388,37.9838096,5231,45,"Atene","PROPN","SP","_",43,"nmod","_","_",NA,NA
"26","Atene",42,"Atene","Atene",23.7275388,37.9838096,3926,9,"Atene","PROPN","SP","_",7,"nmod","_","SpaceAfter=No",NA,NA
"27","Atene",42,"Atene","Atene",23.7275388,37.9838096,5123,61,"Atene","PROPN","SP","_",59,"nmod","_","_",NA,NA
"28","Atene",42,"Atene","Atene",23.7275388,37.9838096,5836,49,"Atene","PROPN","SP","_",46,"obl","_","_",NA,NA
"29","Atene",42,"Atene","Atene",23.7275388,37.9838096,5765,17,"Atene","PROPN","SP","_",14,"nmod","_","_",NA,NA
"30","Atene",42,"Atene","Atene",23.7275388,37.9838096,4887,10,"Atene","PROPN","SP","_",0,"root","_","_",NA,NA
"31","Atene",42,"Atene","Atene",23.7275388,37.9838096,4870,68,"Atene","PROPN","SP","_",71,"obl","_","_",NA,NA
"32","Atene",37,"Atene","Atene",23.7275388,37.9838096,5867,18,"Atene","PROPN","SP","_",10,"obl","_","_",NA,NA
"33","Atene",37,"Atene","Atene",23.7275388,37.9838096,5231,45,"Atene","PROPN","SP","_",43,"nmod","_","_",NA,NA
"34","Atene",37,"Atene","Atene",23.7275388,37.9838096,3926,9,"Atene","PROPN","SP","_",7,"nmod","_","SpaceAfter=No",NA,NA
"35","Atene",37,"Atene","Atene",23.7275388,37.9838096,5123,61,"Atene","PROPN","SP","_",59,"nmod","_","_",NA,NA
"36","Atene",37,"Atene","Atene",23.7275388,37.9838096,5836,49,"Atene","PROPN","SP","_",46,"obl","_","_",NA,NA
"37","Atene",37,"Atene","Atene",23.7275388,37.9838096,5765,17,"Atene","PROPN","SP","_",14,"nmod","_","_",NA,NA
"38","Atene",37,"Atene","Atene",23.7275388,37.9838096,4887,10,"Atene","PROPN","SP","_",0,"root","_","_",NA,NA
"39","Atene",37,"Atene","Atene",23.7275388,37.9838096,4870,68,"Atene","PROPN","SP","_",71,"obl","_","_",NA,NA
"40","Atene",36,"Atene","Atene",23.7275388,37.9838096,5867,18,"Atene","PROPN","SP","_",10,"obl","_","_",NA,NA
"41","Atene",36,"Atene","Atene",23.7275388,37.9838096,5231,45,"Atene","PROPN","SP","_",43,"nmod","_","_",NA,NA
"42","Atene",36,"Atene","Atene",23.7275388,37.9838096,3926,9,"Atene","PROPN","SP","_",7,"nmod","_","SpaceAfter=No",NA,NA
"43","Atene",36,"Atene","Atene",23.7275388,37.9838096,5123,61,"Atene","PROPN","SP","_",59,"nmod","_","_",NA,NA
"44","Atene",36,"Atene","Atene",23.7275388,37.9838096,5836,49,"Atene","PROPN","SP","_",46,"obl","_","_",NA,NA
"45","Atene",36,"Atene","Atene",23.7275388,37.9838096,5765,17,"Atene","PROPN","SP","_",14,"nmod","_","_",NA,NA
"46","Atene",36,"Atene","Atene",23.7275388,37.9838096,4887,10,"Atene","PROPN","SP","_",0,"root","_","_",NA,NA
"47","Atene",36,"Atene","Atene",23.7275388,37.9838096,4870,68,"Atene","PROPN","SP","_",71,"obl","_","_",NA,NA
"48","Atene",41,"Atene","Atene",23.7275388,37.9838096,5867,18,"Atene","PROPN","SP","_",10,"obl","_","_",NA,NA
"49","Atene",41,"Atene","Atene",23.7275388,37.9838096,5231,45,"Atene","PROPN","SP","_",43,"nmod","_","_",NA,NA
"50","Atene",41,"Atene","Atene",23.7275388,37.9838096,3926,9,"Atene","PROPN","SP","_",7,"nmod","_","SpaceAfter=No",NA,NA
"51","Atene",41,"Atene","Atene",23.7275388,37.9838096,5123,61,"Atene","PROPN","SP","_",59,"nmod","_","_",NA,NA
"52","Atene",41,"Atene","Atene",23.7275388,37.9838096,5836,49,"Atene","PROPN","SP","_",46,"obl","_","_",NA,NA
"53","Atene",41,"Atene","Atene",23.7275388,37.9838096,5765,17,"Atene","PROPN","SP","_",14,"nmod","_","_",NA,NA
"54","Atene",41,"Atene","Atene",23.7275388,37.9838096,4887,10,"Atene","PROPN","SP","_",0,"root","_","_",NA,NA
"55","Atene",41,"Atene","Atene",23.7275388,37.9838096,4870,68,"Atene","PROPN","SP","_",71,"obl","_","_",NA,NA
"56","Atene",38,"Atene","Atene",23.7275388,37.9838096,5867,18,"Atene","PROPN","SP","_",10,"obl","_","_",NA,NA
"57","Atene",38,"Atene","Atene",23.7275388,37.9838096,5231,45,"Atene","PROPN","SP","_",43,"nmod","_","_",NA,NA
"58","Atene",38,"Atene","Atene",23.7275388,37.9838096,3926,9,"Atene","PROPN","SP","_",7,"nmod","_","SpaceAfter=No",NA,NA
"59","Atene",38,"Atene","Atene",23.7275388,37.9838096,5123,61,"Atene","PROPN","SP","_",59,"nmod","_","_",NA,NA
"60","Atene",38,"Atene","Atene",23.7275388,37.9838096,5836,49,"Atene","PROPN","SP","_",46,"obl","_","_",NA,NA
"61","Atene",38,"Atene","Atene",23.7275388,37.9838096,5765,17,"Atene","PROPN","SP","_",14,"nmod","_","_",NA,NA
"62","Atene",38,"Atene","Atene",23.7275388,37.9838096,4887,10,"Atene","PROPN","SP","_",0,"root","_","_",NA,NA
"63","Atene",38,"Atene","Atene",23.7275388,37.9838096,4870,68,"Atene","PROPN","SP","_",71,"obl","_","_",NA,NA
"64","Atene",40,"Atene","Atene",23.7275388,37.9838096,5867,18,"Atene","PROPN","SP","_",10,"obl","_","_",NA,NA
"65","Atene",40,"Atene","Atene",23.7275388,37.9838096,5231,45,"Atene","PROPN","SP","_",43,"nmod","_","_",NA,NA
"66","Atene",40,"Atene","Atene",23.7275388,37.9838096,3926,9,"Atene","PROPN","SP","_",7,"nmod","_","SpaceAfter=No",NA,NA
"67","Atene",40,"Atene","Atene",23.7275388,37.9838096,5123,61,"Atene","PROPN","SP","_",59,"nmod","_","_",NA,NA
"68","Atene",40,"Atene","Atene",23.7275388,37.9838096,5836,49,"Atene","PROPN","SP","_",46,"obl","_","_",NA,NA
"69","Atene",40,"Atene","Atene",23.7275388,37.9838096,5765,17,"Atene","PROPN","SP","_",14,"nmod","_","_",NA,NA
"70","Atene",40,"Atene","Atene",23.7275388,37.9838096,4887,10,"Atene","PROPN","SP","_",0,"root","_","_",NA,NA
"71","Atene",40,"Atene","Atene",23.7275388,37.9838096,4870,68,"Atene","PROPN","SP","_",71,"obl","_","_",NA,NA
"72","Babillonia",117,"Il Cairo","Babillonia",31.2357116,30.0444196,566,8,"Babillonia","PROPN","SP","_",11,"obl","_","_",NA,NA
"73","Babilonia",116,"Il Cairo","Babilonia",31.2357116,30.0444196,8,4,"Babilonia","PROPN","SP","_",2,"nmod","_","_",NA,NA
"74","Baffa",171,"Pafo","Baffa",32.4297369,34.7720133,7851,6,"Baffa","PROPN","SP","_",14,"obl","_","_",NA,NA
"75","Baffa",171,"Pafo","Baffa",32.4297369,34.7720133,7830,64,"Baffa","PROPN","SP","_",74,"nsubj","_","_",NA,NA
"76","Baffa",171,"Pafo","Baffa",32.4297369,34.7720133,9624,61,"Baffa","PROPN","SP","_",62,"obl","_","_",NA,NA
"77","Baffa",171,"Pafo","Baffa",32.4297369,34.7720133,8612,3,"Baffa","PROPN","SP","_",5,"obl","_","_",NA,NA
"78","Baffa",171,"Pafo","Baffa",32.4297369,34.7720133,9555,12,"Baffa","PROPN","SP","_",10,"obl","_","SpaceAfter=No",NA,NA
"79","Baffa",171,"Pafo","Baffa",32.4297369,34.7720133,7815,49,"Baffa","PROPN","SP","_",56,"obl","_","_",NA,NA
"80","Baffa",170,"Pafo","Baffa",32.4297369,34.7720133,7851,6,"Baffa","PROPN","SP","_",14,"obl","_","_",NA,NA
"81","Baffa",170,"Pafo","Baffa",32.4297369,34.7720133,7830,64,"Baffa","PROPN","SP","_",74,"nsubj","_","_",NA,NA
"82","Baffa",170,"Pafo","Baffa",32.4297369,34.7720133,9624,61,"Baffa","PROPN","SP","_",62,"obl","_","_",NA,NA
"83","Baffa",170,"Pafo","Baffa",32.4297369,34.7720133,8612,3,"Baffa","PROPN","SP","_",5,"obl","_","_",NA,NA
"84","Baffa",170,"Pafo","Baffa",32.4297369,34.7720133,9555,12,"Baffa","PROPN","SP","_",10,"obl","_","SpaceAfter=No",NA,NA
"85","Baffa",170,"Pafo","Baffa",32.4297369,34.7720133,7815,49,"Baffa","PROPN","SP","_",56,"obl","_","_",NA,NA
"86","Baffa",173,"Pafo","Baffa",32.4297369,34.7720133,7851,6,"Baffa","PROPN","SP","_",14,"obl","_","_",NA,NA
"87","Baffa",173,"Pafo","Baffa",32.4297369,34.7720133,7830,64,"Baffa","PROPN","SP","_",74,"nsubj","_","_",NA,NA
"88","Baffa",173,"Pafo","Baffa",32.4297369,34.7720133,9624,61,"Baffa","PROPN","SP","_",62,"obl","_","_",NA,NA
"89","Baffa",173,"Pafo","Baffa",32.4297369,34.7720133,8612,3,"Baffa","PROPN","SP","_",5,"obl","_","_",NA,NA
"90","Baffa",173,"Pafo","Baffa",32.4297369,34.7720133,9555,12,"Baffa","PROPN","SP","_",10,"obl","_","SpaceAfter=No",NA,NA
"91","Baffa",173,"Pafo","Baffa",32.4297369,34.7720133,7815,49,"Baffa","PROPN","SP","_",56,"obl","_","_",NA,NA
"92","Baffa",172,"Pafo","Baffa",32.4297369,34.7720133,7851,6,"Baffa","PROPN","SP","_",14,"obl","_","_",NA,NA
"93","Baffa",172,"Pafo","Baffa",32.4297369,34.7720133,7830,64,"Baffa","PROPN","SP","_",74,"nsubj","_","_",NA,NA
"94","Baffa",172,"Pafo","Baffa",32.4297369,34.7720133,9624,61,"Baffa","PROPN","SP","_",62,"obl","_","_",NA,NA
"95","Baffa",172,"Pafo","Baffa",32.4297369,34.7720133,8612,3,"Baffa","PROPN","SP","_",5,"obl","_","_",NA,NA
"96","Baffa",172,"Pafo","Baffa",32.4297369,34.7720133,9555,12,"Baffa","PROPN","SP","_",10,"obl","_","SpaceAfter=No",NA,NA
"97","Baffa",172,"Pafo","Baffa",32.4297369,34.7720133,7815,49,"Baffa","PROPN","SP","_",56,"obl","_","_",NA,NA
"98","Baffa",169,"Pafo","Baffa",32.4297369,34.7720133,7851,6,"Baffa","PROPN","SP","_",14,"obl","_","_",NA,NA
"99","Baffa",169,"Pafo","Baffa",32.4297369,34.7720133,7830,64,"Baffa","PROPN","SP","_",74,"nsubj","_","_",NA,NA
"100","Baffa",169,"Pafo","Baffa",32.4297369,34.7720133,9624,61,"Baffa","PROPN","SP","_",62,"obl","_","_",NA,NA
"101","Baffa",169,"Pafo","Baffa",32.4297369,34.7720133,8612,3,"Baffa","PROPN","SP","_",5,"obl","_","_",NA,NA
"102","Baffa",169,"Pafo","Baffa",32.4297369,34.7720133,9555,12,"Baffa","PROPN","SP","_",10,"obl","_","SpaceAfter=No",NA,NA
"103","Baffa",169,"Pafo","Baffa",32.4297369,34.7720133,7815,49,"Baffa","PROPN","SP","_",56,"obl","_","_",NA,NA
"104","Baffa",174,"Pafo","Baffa",32.4297369,34.7720133,7851,6,"Baffa","PROPN","SP","_",14,"obl","_","_",NA,NA
"105","Baffa",174,"Pafo","Baffa",32.4297369,34.7720133,7830,64,"Baffa","PROPN","SP","_",74,"nsubj","_","_",NA,NA
"106","Baffa",174,"Pafo","Baffa",32.4297369,34.7720133,9624,61,"Baffa","PROPN","SP","_",62,"obl","_","_",NA,NA
"107","Baffa",174,"Pafo","Baffa",32.4297369,34.7720133,8612,3,"Baffa","PROPN","SP","_",5,"obl","_","_",NA,NA
"108","Baffa",174,"Pafo","Baffa",32.4297369,34.7720133,9555,12,"Baffa","PROPN","SP","_",10,"obl","_","SpaceAfter=No",NA,NA
"109","Baffa",174,"Pafo","Baffa",32.4297369,34.7720133,7815,49,"Baffa","PROPN","SP","_",56,"obl","_","_",NA,NA
"110","Capadocia",52,"Cappadocia","Capadocia",34.828292,38.645287,6674,21,"Capadocia","PROPN","SP","_",19,"nmod","_","SpaceAfter=No",NA,NA
"111","Capadocia",52,"Cappadocia","Capadocia",34.828292,38.645287,6842,54,"Capadocia","PROPN","SP","_",52,"nmod","_","_",NA,NA
"112","Capadocia",52,"Cappadocia","Capadocia",34.828292,38.645287,6815,29,"Capadocia","PROPN","SP","_",27,"nmod","_","SpaceAfter=No",NA,NA
"113","Capadocia",52,"Cappadocia","Capadocia",34.828292,38.645287,6753,97,"Capadocia","PROPN","SP","_",95,"nmod","_","_",NA,NA
"114","Capadocia",53,"Cappadocia","Capadocia",34.828292,38.645287,6674,21,"Capadocia","PROPN","SP","_",19,"nmod","_","SpaceAfter=No",NA,NA
"115","Capadocia",53,"Cappadocia","Capadocia",34.828292,38.645287,6842,54,"Capadocia","PROPN","SP","_",52,"nmod","_","_",NA,NA
"116","Capadocia",53,"Cappadocia","Capadocia",34.828292,38.645287,6815,29,"Capadocia","PROPN","SP","_",27,"nmod","_","SpaceAfter=No",NA,NA
"117","Capadocia",53,"Cappadocia","Capadocia",34.828292,38.645287,6753,97,"Capadocia","PROPN","SP","_",95,"nmod","_","_",NA,NA
"118","Capadocia",54,"Cappadocia","Capadocia",34.828292,38.645287,6674,21,"Capadocia","PROPN","SP","_",19,"nmod","_","SpaceAfter=No",NA,NA
"119","Capadocia",54,"Cappadocia","Capadocia",34.828292,38.645287,6842,54,"Capadocia","PROPN","SP","_",52,"nmod","_","_",NA,NA
"120","Capadocia",54,"Cappadocia","Capadocia",34.828292,38.645287,6815,29,"Capadocia","PROPN","SP","_",27,"nmod","_","SpaceAfter=No",NA,NA
"121","Capadocia",54,"Cappadocia","Capadocia",34.828292,38.645287,6753,97,"Capadocia","PROPN","SP","_",95,"nmod","_","_",NA,NA
"122","Capadocia",51,"Cappadocia","Capadocia",34.828292,38.645287,6674,21,"Capadocia","PROPN","SP","_",19,"nmod","_","SpaceAfter=No",NA,NA
"123","Capadocia",51,"Cappadocia","Capadocia",34.828292,38.645287,6842,54,"Capadocia","PROPN","SP","_",52,"nmod","_","_",NA,NA
"124","Capadocia",51,"Cappadocia","Capadocia",34.828292,38.645287,6815,29,"Capadocia","PROPN","SP","_",27,"nmod","_","SpaceAfter=No",NA,NA
"125","Capadocia",51,"Cappadocia","Capadocia",34.828292,38.645287,6753,97,"Capadocia","PROPN","SP","_",95,"nmod","_","_",NA,NA
"126","Chiarenza",20,"Andravida-Kyllini","Chiarenza",21.356045,37.9683071,3606,57,"Chiarenza","PROPN","SP","_",55,"obl","_","_",NA,NA
"127","Chiarenza",20,"Andravida-Kyllini","Chiarenza",21.356045,37.9683071,3981,25,"Chiarenza","PROPN","SP","_",23,"obl","_","SpaceAfter=No",NA,NA
"128","Chiarenza",19,"Andravida-Kyllini","Chiarenza",21.356045,37.9683071,3606,57,"Chiarenza","PROPN","SP","_",55,"obl","_","_",NA,NA
"129","Chiarenza",19,"Andravida-Kyllini","Chiarenza",21.356045,37.9683071,3981,25,"Chiarenza","PROPN","SP","_",23,"obl","_","SpaceAfter=No",NA,NA
"130","Chios",56,"Chios","Chios",26.131006,38.368182,6506,25,"Chios","PROPN","SP","_",23,"obl","_","SpaceAfter=No",NA,NA
"131","Chios",56,"Chios","Chios",26.131006,38.368182,6362,14,"Chios","PROPN","SP","_",12,"obl","_","SpaceAfter=No",NA,NA
"132","Chios",57,"Chios","Chios",26.131006,38.368182,6506,25,"Chios","PROPN","SP","_",23,"obl","_","SpaceAfter=No",NA,NA
"133","Chios",57,"Chios","Chios",26.131006,38.368182,6362,14,"Chios","PROPN","SP","_",12,"obl","_","SpaceAfter=No",NA,NA
"134","Cipri",63,"Cipro","Ciprio",33.429859,35.126413,7578,19,"Ciprio","PROPN","SP","_",23,"obl","_","_",NA,NA
"135","Cipri",63,"Cipro","Ciprio",33.429859,35.126413,10030,90,"cipri","PROPN","SP","_",88,"nmod","_","_",NA,NA
"136","Cipri",63,"Cipro","Ciprio",33.429859,35.126413,9344,68,"Ciprio","PROPN","SP","_",66,"nmod","_","SpaceAfter=No",NA,NA
"137","Cipri",63,"Cipro","Ciprio",33.429859,35.126413,10061,18,"Ciprio","PROPN","SP","_",15,"obl","_","_",NA,NA
"138","Cipri",63,"Cipro","Ciprio",33.429859,35.126413,7611,51,"Ciprio","PROPN","SP","_",52,"obl","_","_",NA,NA
"139","Cipri",63,"Cipro","Ciprio",33.429859,35.126413,7899,51,"Ciprio","PROPN","SP","_",49,"nmod","_","_",NA,NA
"140","Cipri",63,"Cipro","Ciprio",33.429859,35.126413,9509,89,"Ciprio","PROPN","SP","_",95,"obl","_","_",NA,NA
"141","Cipri",63,"Cipro","Ciprio",33.429859,35.126413,9403,18,"Ciprio","PROPN","SP","_",19,"obl","_","_",NA,NA
"142","Cipri",63,"Cipro","Ciprio",33.429859,35.126413,9439,20,"Ciprio","PROPN","SP","_",21,"obl","_","_",NA,NA
"143","Cipri",63,"Cipro","Ciprio",33.429859,35.126413,9699,28,"Ciprio","PROPN","SP","_",26,"nmod","_","SpaceAfter=No",NA,NA
"144","Cipri",61,"Cipro","Ciprio",33.429859,35.126413,7578,19,"Ciprio","PROPN","SP","_",23,"obl","_","_",NA,NA
"145","Cipri",61,"Cipro","Ciprio",33.429859,35.126413,10030,90,"cipri","PROPN","SP","_",88,"nmod","_","_",NA,NA
"146","Cipri",61,"Cipro","Ciprio",33.429859,35.126413,9344,68,"Ciprio","PROPN","SP","_",66,"nmod","_","SpaceAfter=No",NA,NA
"147","Cipri",61,"Cipro","Ciprio",33.429859,35.126413,10061,18,"Ciprio","PROPN","SP","_",15,"obl","_","_",NA,NA
"148","Cipri",61,"Cipro","Ciprio",33.429859,35.126413,7611,51,"Ciprio","PROPN","SP","_",52,"obl","_","_",NA,NA
"149","Cipri",61,"Cipro","Ciprio",33.429859,35.126413,7899,51,"Ciprio","PROPN","SP","_",49,"nmod","_","_",NA,NA
"150","Cipri",61,"Cipro","Ciprio",33.429859,35.126413,9509,89,"Ciprio","PROPN","SP","_",95,"obl","_","_",NA,NA
"151","Cipri",61,"Cipro","Ciprio",33.429859,35.126413,9403,18,"Ciprio","PROPN","SP","_",19,"obl","_","_",NA,NA
"152","Cipri",61,"Cipro","Ciprio",33.429859,35.126413,9439,20,"Ciprio","PROPN","SP","_",21,"obl","_","_",NA,NA
"153","Cipri",61,"Cipro","Ciprio",33.429859,35.126413,9699,28,"Ciprio","PROPN","SP","_",26,"nmod","_","SpaceAfter=No",NA,NA
"154","Cipri",62,"Cipro","Ciprio",33.429859,35.126413,7578,19,"Ciprio","PROPN","SP","_",23,"obl","_","_",NA,NA
"155","Cipri",62,"Cipro","Ciprio",33.429859,35.126413,10030,90,"cipri","PROPN","SP","_",88,"nmod","_","_",NA,NA
"156","Cipri",62,"Cipro","Ciprio",33.429859,35.126413,9344,68,"Ciprio","PROPN","SP","_",66,"nmod","_","SpaceAfter=No",NA,NA
"157","Cipri",62,"Cipro","Ciprio",33.429859,35.126413,10061,18,"Ciprio","PROPN","SP","_",15,"obl","_","_",NA,NA
"158","Cipri",62,"Cipro","Ciprio",33.429859,35.126413,7611,51,"Ciprio","PROPN","SP","_",52,"obl","_","_",NA,NA
"159","Cipri",62,"Cipro","Ciprio",33.429859,35.126413,7899,51,"Ciprio","PROPN","SP","_",49,"nmod","_","_",NA,NA
"160","Cipri",62,"Cipro","Ciprio",33.429859,35.126413,9509,89,"Ciprio","PROPN","SP","_",95,"obl","_","_",NA,NA
"161","Cipri",62,"Cipro","Ciprio",33.429859,35.126413,9403,18,"Ciprio","PROPN","SP","_",19,"obl","_","_",NA,NA
"162","Cipri",62,"Cipro","Ciprio",33.429859,35.126413,9439,20,"Ciprio","PROPN","SP","_",21,"obl","_","_",NA,NA
"163","Cipri",62,"Cipro","Ciprio",33.429859,35.126413,9699,28,"Ciprio","PROPN","SP","_",26,"nmod","_","SpaceAfter=No",NA,NA
"164","Cipri",65,"Cipro","cipri",33.429859,35.126413,7578,19,"Ciprio","PROPN","SP","_",23,"obl","_","_",NA,NA
"165","Cipri",65,"Cipro","cipri",33.429859,35.126413,10030,90,"cipri","PROPN","SP","_",88,"nmod","_","_",NA,NA
"166","Cipri",65,"Cipro","cipri",33.429859,35.126413,9344,68,"Ciprio","PROPN","SP","_",66,"nmod","_","SpaceAfter=No",NA,NA
"167","Cipri",65,"Cipro","cipri",33.429859,35.126413,10061,18,"Ciprio","PROPN","SP","_",15,"obl","_","_",NA,NA
"168","Cipri",65,"Cipro","cipri",33.429859,35.126413,7611,51,"Ciprio","PROPN","SP","_",52,"obl","_","_",NA,NA
"169","Cipri",65,"Cipro","cipri",33.429859,35.126413,7899,51,"Ciprio","PROPN","SP","_",49,"nmod","_","_",NA,NA
"170","Cipri",65,"Cipro","cipri",33.429859,35.126413,9509,89,"Ciprio","PROPN","SP","_",95,"obl","_","_",NA,NA
"171","Cipri",65,"Cipro","cipri",33.429859,35.126413,9403,18,"Ciprio","PROPN","SP","_",19,"obl","_","_",NA,NA
"172","Cipri",65,"Cipro","cipri",33.429859,35.126413,9439,20,"Ciprio","PROPN","SP","_",21,"obl","_","_",NA,NA
"173","Cipri",65,"Cipro","cipri",33.429859,35.126413,9699,28,"Ciprio","PROPN","SP","_",26,"nmod","_","SpaceAfter=No",NA,NA
"174","Cipri",60,"Cipro","Ciprio",33.429859,35.126413,7578,19,"Ciprio","PROPN","SP","_",23,"obl","_","_",NA,NA
"175","Cipri",60,"Cipro","Ciprio",33.429859,35.126413,10030,90,"cipri","PROPN","SP","_",88,"nmod","_","_",NA,NA
"176","Cipri",60,"Cipro","Ciprio",33.429859,35.126413,9344,68,"Ciprio","PROPN","SP","_",66,"nmod","_","SpaceAfter=No",NA,NA
"177","Cipri",60,"Cipro","Ciprio",33.429859,35.126413,10061,18,"Ciprio","PROPN","SP","_",15,"obl","_","_",NA,NA
"178","Cipri",60,"Cipro","Ciprio",33.429859,35.126413,7611,51,"Ciprio","PROPN","SP","_",52,"obl","_","_",NA,NA
"179","Cipri",60,"Cipro","Ciprio",33.429859,35.126413,7899,51,"Ciprio","PROPN","SP","_",49,"nmod","_","_",NA,NA
"180","Cipri",60,"Cipro","Ciprio",33.429859,35.126413,9509,89,"Ciprio","PROPN","SP","_",95,"obl","_","_",NA,NA
"181","Cipri",60,"Cipro","Ciprio",33.429859,35.126413,9403,18,"Ciprio","PROPN","SP","_",19,"obl","_","_",NA,NA
"182","Cipri",60,"Cipro","Ciprio",33.429859,35.126413,9439,20,"Ciprio","PROPN","SP","_",21,"obl","_","_",NA,NA
"183","Cipri",60,"Cipro","Ciprio",33.429859,35.126413,9699,28,"Ciprio","PROPN","SP","_",26,"nmod","_","SpaceAfter=No",NA,NA
"184","Cipri",64,"Cipro","Ciprio",33.429859,35.126413,7578,19,"Ciprio","PROPN","SP","_",23,"obl","_","_",NA,NA
"185","Cipri",64,"Cipro","Ciprio",33.429859,35.126413,10030,90,"cipri","PROPN","SP","_",88,"nmod","_","_",NA,NA
"186","Cipri",64,"Cipro","Ciprio",33.429859,35.126413,9344,68,"Ciprio","PROPN","SP","_",66,"nmod","_","SpaceAfter=No",NA,NA
"187","Cipri",64,"Cipro","Ciprio",33.429859,35.126413,10061,18,"Ciprio","PROPN","SP","_",15,"obl","_","_",NA,NA
"188","Cipri",64,"Cipro","Ciprio",33.429859,35.126413,7611,51,"Ciprio","PROPN","SP","_",52,"obl","_","_",NA,NA
"189","Cipri",64,"Cipro","Ciprio",33.429859,35.126413,7899,51,"Ciprio","PROPN","SP","_",49,"nmod","_","_",NA,NA
"190","Cipri",64,"Cipro","Ciprio",33.429859,35.126413,9509,89,"Ciprio","PROPN","SP","_",95,"obl","_","_",NA,NA
"191","Cipri",64,"Cipro","Ciprio",33.429859,35.126413,9403,18,"Ciprio","PROPN","SP","_",19,"obl","_","_",NA,NA
"192","Cipri",64,"Cipro","Ciprio",33.429859,35.126413,9439,20,"Ciprio","PROPN","SP","_",21,"obl","_","_",NA,NA
"193","Cipri",64,"Cipro","Ciprio",33.429859,35.126413,9699,28,"Ciprio","PROPN","SP","_",26,"nmod","_","SpaceAfter=No",NA,NA
"194","Cipri",67,"Cipro","Ciprio",33.429859,35.126413,7578,19,"Ciprio","PROPN","SP","_",23,"obl","_","_",NA,NA
"195","Cipri",67,"Cipro","Ciprio",33.429859,35.126413,10030,90,"cipri","PROPN","SP","_",88,"nmod","_","_",NA,NA
"196","Cipri",67,"Cipro","Ciprio",33.429859,35.126413,9344,68,"Ciprio","PROPN","SP","_",66,"nmod","_","SpaceAfter=No",NA,NA
"197","Cipri",67,"Cipro","Ciprio",33.429859,35.126413,10061,18,"Ciprio","PROPN","SP","_",15,"obl","_","_",NA,NA
"198","Cipri",67,"Cipro","Ciprio",33.429859,35.126413,7611,51,"Ciprio","PROPN","SP","_",52,"obl","_","_",NA,NA
"199","Cipri",67,"Cipro","Ciprio",33.429859,35.126413,7899,51,"Ciprio","PROPN","SP","_",49,"nmod","_","_",NA,NA
"200","Cipri",67,"Cipro","Ciprio",33.429859,35.126413,9509,89,"Ciprio","PROPN","SP","_",95,"obl","_","_",NA,NA
"201","Cipri",67,"Cipro","Ciprio",33.429859,35.126413,9403,18,"Ciprio","PROPN","SP","_",19,"obl","_","_",NA,NA
"202","Cipri",67,"Cipro","Ciprio",33.429859,35.126413,9439,20,"Ciprio","PROPN","SP","_",21,"obl","_","_",NA,NA
"203","Cipri",67,"Cipro","Ciprio",33.429859,35.126413,9699,28,"Ciprio","PROPN","SP","_",26,"nmod","_","SpaceAfter=No",NA,NA
"204","Cipri",59,"Cipro","Ciprio",33.429859,35.126413,7578,19,"Ciprio","PROPN","SP","_",23,"obl","_","_",NA,NA
"205","Cipri",59,"Cipro","Ciprio",33.429859,35.126413,10030,90,"cipri","PROPN","SP","_",88,"nmod","_","_",NA,NA
"206","Cipri",59,"Cipro","Ciprio",33.429859,35.126413,9344,68,"Ciprio","PROPN","SP","_",66,"nmod","_","SpaceAfter=No",NA,NA
"207","Cipri",59,"Cipro","Ciprio",33.429859,35.126413,10061,18,"Ciprio","PROPN","SP","_",15,"obl","_","_",NA,NA
"208","Cipri",59,"Cipro","Ciprio",33.429859,35.126413,7611,51,"Ciprio","PROPN","SP","_",52,"obl","_","_",NA,NA
"209","Cipri",59,"Cipro","Ciprio",33.429859,35.126413,7899,51,"Ciprio","PROPN","SP","_",49,"nmod","_","_",NA,NA
"210","Cipri",59,"Cipro","Ciprio",33.429859,35.126413,9509,89,"Ciprio","PROPN","SP","_",95,"obl","_","_",NA,NA
"211","Cipri",59,"Cipro","Ciprio",33.429859,35.126413,9403,18,"Ciprio","PROPN","SP","_",19,"obl","_","_",NA,NA
"212","Cipri",59,"Cipro","Ciprio",33.429859,35.126413,9439,20,"Ciprio","PROPN","SP","_",21,"obl","_","_",NA,NA
"213","Cipri",59,"Cipro","Ciprio",33.429859,35.126413,9699,28,"Ciprio","PROPN","SP","_",26,"nmod","_","SpaceAfter=No",NA,NA
"214","Cipri",68,"Cipro","Ciprio",33.429859,35.126413,7578,19,"Ciprio","PROPN","SP","_",23,"obl","_","_",NA,NA
"215","Cipri",68,"Cipro","Ciprio",33.429859,35.126413,10030,90,"cipri","PROPN","SP","_",88,"nmod","_","_",NA,NA
"216","Cipri",68,"Cipro","Ciprio",33.429859,35.126413,9344,68,"Ciprio","PROPN","SP","_",66,"nmod","_","SpaceAfter=No",NA,NA
"217","Cipri",68,"Cipro","Ciprio",33.429859,35.126413,10061,18,"Ciprio","PROPN","SP","_",15,"obl","_","_",NA,NA
"218","Cipri",68,"Cipro","Ciprio",33.429859,35.126413,7611,51,"Ciprio","PROPN","SP","_",52,"obl","_","_",NA,NA
"219","Cipri",68,"Cipro","Ciprio",33.429859,35.126413,7899,51,"Ciprio","PROPN","SP","_",49,"nmod","_","_",NA,NA
"220","Cipri",68,"Cipro","Ciprio",33.429859,35.126413,9509,89,"Ciprio","PROPN","SP","_",95,"obl","_","_",NA,NA
"221","Cipri",68,"Cipro","Ciprio",33.429859,35.126413,9403,18,"Ciprio","PROPN","SP","_",19,"obl","_","_",NA,NA
"222","Cipri",68,"Cipro","Ciprio",33.429859,35.126413,9439,20,"Ciprio","PROPN","SP","_",21,"obl","_","_",NA,NA
"223","Cipri",68,"Cipro","Ciprio",33.429859,35.126413,9699,28,"Ciprio","PROPN","SP","_",26,"nmod","_","SpaceAfter=No",NA,NA
"224","Cipri",66,"Cipro","Ciprio",33.429859,35.126413,7578,19,"Ciprio","PROPN","SP","_",23,"obl","_","_",NA,NA
"225","Cipri",66,"Cipro","Ciprio",33.429859,35.126413,10030,90,"cipri","PROPN","SP","_",88,"nmod","_","_",NA,NA
"226","Cipri",66,"Cipro","Ciprio",33.429859,35.126413,9344,68,"Ciprio","PROPN","SP","_",66,"nmod","_","SpaceAfter=No",NA,NA
"227","Cipri",66,"Cipro","Ciprio",33.429859,35.126413,10061,18,"Ciprio","PROPN","SP","_",15,"obl","_","_",NA,NA
"228","Cipri",66,"Cipro","Ciprio",33.429859,35.126413,7611,51,"Ciprio","PROPN","SP","_",52,"obl","_","_",NA,NA
"229","Cipri",66,"Cipro","Ciprio",33.429859,35.126413,7899,51,"Ciprio","PROPN","SP","_",49,"nmod","_","_",NA,NA
"230","Cipri",66,"Cipro","Ciprio",33.429859,35.126413,9509,89,"Ciprio","PROPN","SP","_",95,"obl","_","_",NA,NA
"231","Cipri",66,"Cipro","Ciprio",33.429859,35.126413,9403,18,"Ciprio","PROPN","SP","_",19,"obl","_","_",NA,NA
"232","Cipri",66,"Cipro","Ciprio",33.429859,35.126413,9439,20,"Ciprio","PROPN","SP","_",21,"obl","_","_",NA,NA
"233","Cipri",66,"Cipro","Ciprio",33.429859,35.126413,9699,28,"Ciprio","PROPN","SP","_",26,"nmod","_","SpaceAfter=No",NA,NA
"234","Cipri",58,"Cipro","Ciprio",33.429859,35.126413,7578,19,"Ciprio","PROPN","SP","_",23,"obl","_","_",NA,NA
"235","Cipri",58,"Cipro","Ciprio",33.429859,35.126413,10030,90,"cipri","PROPN","SP","_",88,"nmod","_","_",NA,NA
"236","Cipri",58,"Cipro","Ciprio",33.429859,35.126413,9344,68,"Ciprio","PROPN","SP","_",66,"nmod","_","SpaceAfter=No",NA,NA
"237","Cipri",58,"Cipro","Ciprio",33.429859,35.126413,10061,18,"Ciprio","PROPN","SP","_",15,"obl","_","_",NA,NA
"238","Cipri",58,"Cipro","Ciprio",33.429859,35.126413,7611,51,"Ciprio","PROPN","SP","_",52,"obl","_","_",NA,NA
"239","Cipri",58,"Cipro","Ciprio",33.429859,35.126413,7899,51,"Ciprio","PROPN","SP","_",49,"nmod","_","_",NA,NA
"240","Cipri",58,"Cipro","Ciprio",33.429859,35.126413,9509,89,"Ciprio","PROPN","SP","_",95,"obl","_","_",NA,NA
"241","Cipri",58,"Cipro","Ciprio",33.429859,35.126413,9403,18,"Ciprio","PROPN","SP","_",19,"obl","_","_",NA,NA
"242","Cipri",58,"Cipro","Ciprio",33.429859,35.126413,9439,20,"Ciprio","PROPN","SP","_",21,"obl","_","_",NA,NA
"243","Cipri",58,"Cipro","Ciprio",33.429859,35.126413,9699,28,"Ciprio","PROPN","SP","_",26,"nmod","_","SpaceAfter=No",NA,NA
"244","Constantinopoli",138,"Istanbul","Constantinopoli",28.9783589,41.0082376,5275,37,"Constantinopoli","PROPN","SP","_",35,"nmod","_","SpaceAfter=No",NA,NA
"245","Cresci",45,"Borgo San Lorenzo (FI)","Cresce",11.3847483,43.9543788,9256,57,"Cresce","PROPN","SP","_",54,"obl","_","_",NA,NA
"246","Creti",73,"Creta","Crete",24.809269,35.240117,9352,76,"Crete","PROPN","SP","_",72,"obl","_","SpaceAfter=No",NA,NA
"247","Egina",74,"Egina","Egina",23.5014213,37.7408815,6316,19,"Egina","PROPN","SP","_",13,"nmod","_","_",NA,NA
"248","Egitto",75,"Egitto","Egitto",30.802498,26.820553,8307,30,"Egitto","PROPN","SP","_",28,"nmod","_","_",NA,NA
"249","Famagosta",77,"Famagosta","Famagosta",33.919245,35.1149116,8114,15,"Famagosta","PROPN","SP","_",13,"nmod","_","_",NA,NA
"250","Famagosta",77,"Famagosta","Famagosta",33.919245,35.1149116,8537,17,"Famagosta","PROPN","SP","_",15,"nmod","_","_",NA,NA
"251","Famagosta",77,"Famagosta","Famagosta",33.919245,35.1149116,8735,23,"Famagorre","PROPN","SP","_",25,"obl","_","_",NA,NA
"252","Famagosta",76,"Famagosta","Famagosta",33.919245,35.1149116,8114,15,"Famagosta","PROPN","SP","_",13,"nmod","_","_",NA,NA
"253","Famagosta",76,"Famagosta","Famagosta",33.919245,35.1149116,8537,17,"Famagosta","PROPN","SP","_",15,"nmod","_","_",NA,NA
"254","Famagosta",76,"Famagosta","Famagosta",33.919245,35.1149116,8735,23,"Famagorre","PROPN","SP","_",25,"obl","_","_",NA,NA
"255","Famagosta",78,"Famagosta","Famagorre",33.919245,35.1149116,8114,15,"Famagosta","PROPN","SP","_",13,"nmod","_","_",NA,NA
"256","Famagosta",78,"Famagosta","Famagorre",33.919245,35.1149116,8537,17,"Famagosta","PROPN","SP","_",15,"nmod","_","_",NA,NA
"257","Famagosta",78,"Famagosta","Famagorre",33.919245,35.1149116,8735,23,"Famagorre","PROPN","SP","_",25,"obl","_","_",NA,NA
"258","Francia",92,"Francia","Francia",2.213749,46.227638,9456,37,"Francia","PROPN","SP","_",35,"nmod","_","_",NA,NA
"259","Francia",90,"Francia","Francia",2.213749,46.227638,9456,37,"Francia","PROPN","SP","_",35,"nmod","_","_",NA,NA
"260","Francia",93,"Francia","Francia",2.213749,46.227638,9456,37,"Francia","PROPN","SP","_",35,"nmod","_","_",NA,NA
"261","Francia",94,"Francia","Francia",2.213749,46.227638,9456,37,"Francia","PROPN","SP","_",35,"nmod","_","_",NA,NA
"262","Francia",95,"Francia","Francia",2.213749,46.227638,9456,37,"Francia","PROPN","SP","_",35,"nmod","_","_",NA,NA
"263","Francia",96,"Francia","Francia",2.213749,46.227638,9456,37,"Francia","PROPN","SP","_",35,"nmod","_","_",NA,NA
"264","Francia",97,"Francia","Francia",2.213749,46.227638,9456,37,"Francia","PROPN","SP","_",35,"nmod","_","_",NA,NA
"265","Francia",91,"Francia","Francia",2.213749,46.227638,9456,37,"Francia","PROPN","SP","_",35,"nmod","_","_",NA,NA
"266","Garbo",11,"Algarve","Garbo",-7.930834,37.0179538,682,34,"Garbo","PROPN","SP","_",31,"nmod","_","SpaceAfter=No",NA,NA
"267","Garbo",11,"Algarve","Garbo",-7.930834,37.0179538,8493,38,"Garbo","PROPN","SP","_",35,"nmod","_","SpaceAfter=No",NA,NA
"268","Garbo",11,"Algarve","Garbo",-7.930834,37.0179538,10115,23,"Garbo","PROPN","SP","_",20,"nmod","_","SpaceAfter=No",NA,NA
"269","Garbo",11,"Algarve","Garbo",-7.930834,37.0179538,69,17,"Garbo","PROPN","SP","_",14,"nmod","_","SpaceAfter=No",NA,NA
"270","Garbo",11,"Algarve","Garbo",-7.930834,37.0179538,10155,8,"Garbo","PROPN","SP","_",5,"nmod","_","_",NA,NA
"271","Garbo",11,"Algarve","Garbo",-7.930834,37.0179538,23,17,"Garbo","PROPN","SP","_",14,"nmod","_","SpaceAfter=No",NA,NA
"272","Garbo",12,"Algarve","Garbo",-7.930834,37.0179538,682,34,"Garbo","PROPN","SP","_",31,"nmod","_","SpaceAfter=No",NA,NA
"273","Garbo",12,"Algarve","Garbo",-7.930834,37.0179538,8493,38,"Garbo","PROPN","SP","_",35,"nmod","_","SpaceAfter=No",NA,NA
"274","Garbo",12,"Algarve","Garbo",-7.930834,37.0179538,10115,23,"Garbo","PROPN","SP","_",20,"nmod","_","SpaceAfter=No",NA,NA
"275","Garbo",12,"Algarve","Garbo",-7.930834,37.0179538,69,17,"Garbo","PROPN","SP","_",14,"nmod","_","SpaceAfter=No",NA,NA
"276","Garbo",12,"Algarve","Garbo",-7.930834,37.0179538,10155,8,"Garbo","PROPN","SP","_",5,"nmod","_","_",NA,NA
"277","Garbo",12,"Algarve","Garbo",-7.930834,37.0179538,23,17,"Garbo","PROPN","SP","_",14,"nmod","_","SpaceAfter=No",NA,NA
"278","Garbo",14,"Algarve","Garbo",-7.930834,37.0179538,682,34,"Garbo","PROPN","SP","_",31,"nmod","_","SpaceAfter=No",NA,NA
"279","Garbo",14,"Algarve","Garbo",-7.930834,37.0179538,8493,38,"Garbo","PROPN","SP","_",35,"nmod","_","SpaceAfter=No",NA,NA
"280","Garbo",14,"Algarve","Garbo",-7.930834,37.0179538,10115,23,"Garbo","PROPN","SP","_",20,"nmod","_","SpaceAfter=No",NA,NA
"281","Garbo",14,"Algarve","Garbo",-7.930834,37.0179538,69,17,"Garbo","PROPN","SP","_",14,"nmod","_","SpaceAfter=No",NA,NA
"282","Garbo",14,"Algarve","Garbo",-7.930834,37.0179538,10155,8,"Garbo","PROPN","SP","_",5,"nmod","_","_",NA,NA
"283","Garbo",14,"Algarve","Garbo",-7.930834,37.0179538,23,17,"Garbo","PROPN","SP","_",14,"nmod","_","SpaceAfter=No",NA,NA
"284","Garbo",15,"Algarve","Garbo",-7.930834,37.0179538,682,34,"Garbo","PROPN","SP","_",31,"nmod","_","SpaceAfter=No",NA,NA
"285","Garbo",15,"Algarve","Garbo",-7.930834,37.0179538,8493,38,"Garbo","PROPN","SP","_",35,"nmod","_","SpaceAfter=No",NA,NA
"286","Garbo",15,"Algarve","Garbo",-7.930834,37.0179538,10115,23,"Garbo","PROPN","SP","_",20,"nmod","_","SpaceAfter=No",NA,NA
"287","Garbo",15,"Algarve","Garbo",-7.930834,37.0179538,69,17,"Garbo","PROPN","SP","_",14,"nmod","_","SpaceAfter=No",NA,NA
"288","Garbo",15,"Algarve","Garbo",-7.930834,37.0179538,10155,8,"Garbo","PROPN","SP","_",5,"nmod","_","_",NA,NA
"289","Garbo",15,"Algarve","Garbo",-7.930834,37.0179538,23,17,"Garbo","PROPN","SP","_",14,"nmod","_","SpaceAfter=No",NA,NA
"290","Garbo",13,"Algarve","Garbo",-7.930834,37.0179538,682,34,"Garbo","PROPN","SP","_",31,"nmod","_","SpaceAfter=No",NA,NA
"291","Garbo",13,"Algarve","Garbo",-7.930834,37.0179538,8493,38,"Garbo","PROPN","SP","_",35,"nmod","_","SpaceAfter=No",NA,NA
"292","Garbo",13,"Algarve","Garbo",-7.930834,37.0179538,10115,23,"Garbo","PROPN","SP","_",20,"nmod","_","SpaceAfter=No",NA,NA
"293","Garbo",13,"Algarve","Garbo",-7.930834,37.0179538,69,17,"Garbo","PROPN","SP","_",14,"nmod","_","SpaceAfter=No",NA,NA
"294","Garbo",13,"Algarve","Garbo",-7.930834,37.0179538,10155,8,"Garbo","PROPN","SP","_",5,"nmod","_","_",NA,NA
"295","Garbo",13,"Algarve","Garbo",-7.930834,37.0179538,23,17,"Garbo","PROPN","SP","_",14,"nmod","_","SpaceAfter=No",NA,NA
"296","Garbo",16,"Algarve","Garbo",-7.930834,37.0179538,682,34,"Garbo","PROPN","SP","_",31,"nmod","_","SpaceAfter=No",NA,NA
"297","Garbo",16,"Algarve","Garbo",-7.930834,37.0179538,8493,38,"Garbo","PROPN","SP","_",35,"nmod","_","SpaceAfter=No",NA,NA
"298","Garbo",16,"Algarve","Garbo",-7.930834,37.0179538,10115,23,"Garbo","PROPN","SP","_",20,"nmod","_","SpaceAfter=No",NA,NA
"299","Garbo",16,"Algarve","Garbo",-7.930834,37.0179538,69,17,"Garbo","PROPN","SP","_",14,"nmod","_","SpaceAfter=No",NA,NA
"300","Garbo",16,"Algarve","Garbo",-7.930834,37.0179538,10155,8,"Garbo","PROPN","SP","_",5,"nmod","_","_",NA,NA
"301","Garbo",16,"Algarve","Garbo",-7.930834,37.0179538,23,17,"Garbo","PROPN","SP","_",14,"nmod","_","SpaceAfter=No",NA,NA
"302","Ierusalem",115,"Gerusalemme","Ierusalem",35.21371,31.768319,9479,59,"Ierusalem","PROPN","SP","_",60,"obl","_","_",NA,NA
"303","Maiolica",156,"Mallorca","Maiolica",3.0175712,39.6952629,2374,21,"Maiolica","PROPN","SP","_",19,"nmod","_","_",NA,NA
"304","Maiolica",156,"Mallorca","Maiolica",3.0175712,39.6952629,1141,69,"Maiolica","PROPN","SP","_",67,"nmod","_","_",NA,NA
"305","Maiolica",156,"Mallorca","Maiolica",3.0175712,39.6952629,922,55,"Maiolica","PROPN","SP","_",53,"obl","_","SpaceAfter=No",NA,NA
"306","Maiolica",153,"Mallorca","Maiolica",3.0175712,39.6952629,2374,21,"Maiolica","PROPN","SP","_",19,"nmod","_","_",NA,NA
"307","Maiolica",153,"Mallorca","Maiolica",3.0175712,39.6952629,1141,69,"Maiolica","PROPN","SP","_",67,"nmod","_","_",NA,NA
"308","Maiolica",153,"Mallorca","Maiolica",3.0175712,39.6952629,922,55,"Maiolica","PROPN","SP","_",53,"obl","_","SpaceAfter=No",NA,NA
"309","Maiolica",155,"Mallorca","Maiolica",3.0175712,39.6952629,2374,21,"Maiolica","PROPN","SP","_",19,"nmod","_","_",NA,NA
"310","Maiolica",155,"Mallorca","Maiolica",3.0175712,39.6952629,1141,69,"Maiolica","PROPN","SP","_",67,"nmod","_","_",NA,NA
"311","Maiolica",155,"Mallorca","Maiolica",3.0175712,39.6952629,922,55,"Maiolica","PROPN","SP","_",53,"obl","_","SpaceAfter=No",NA,NA
"312","Morea",18,"Andravida-Kyllini","Morea",21.356045,37.9683071,3668,31,"Morea","PROPN","SP","_",28,"nmod","_","SpaceAfter=No",NA,NA
"313","Rodi",223,"Rodi","Rodi",28.217638,36.434053,7574,15,"Rodi","PROPN","SP","_",13,"nmod","_","_",NA,NA
"314","Rodi",223,"Rodi","Rodi",28.217638,36.434053,7114,18,"Rodi","PROPN","SP","_",16,"obl","_","SpaceAfter=No",NA,NA
"315","Rodi",223,"Rodi","Rodi",28.217638,36.434053,7756,20,"Rodi","PROPN","SP","_",18,"nmod","_","_",NA,NA
"316","Rodi",222,"Rodi","Rodi",28.217638,36.434053,7574,15,"Rodi","PROPN","SP","_",13,"nmod","_","_",NA,NA
"317","Rodi",222,"Rodi","Rodi",28.217638,36.434053,7114,18,"Rodi","PROPN","SP","_",16,"obl","_","SpaceAfter=No",NA,NA
"318","Rodi",222,"Rodi","Rodi",28.217638,36.434053,7756,20,"Rodi","PROPN","SP","_",18,"nmod","_","_",NA,NA
"319","Rodi",221,"Rodi","Rodi",28.217638,36.434053,7574,15,"Rodi","PROPN","SP","_",13,"nmod","_","_",NA,NA
"320","Rodi",221,"Rodi","Rodi",28.217638,36.434053,7114,18,"Rodi","PROPN","SP","_",16,"obl","_","SpaceAfter=No",NA,NA
"321","Rodi",221,"Rodi","Rodi",28.217638,36.434053,7756,20,"Rodi","PROPN","SP","_",18,"nmod","_","_",NA,NA
"322","Romania",191,"Peloponneso","Romania",22.37349,37.5079472,3909,42,"Romania","PROPN","SP","_",43,"nsubj","_","_",NA,NA
"323","Romania",191,"Peloponneso","Romania",22.37349,37.5079472,2787,24,"Romania","PROPN","SP","_",20,"obl","_","SpaceAfter=No",NA,NA
"324","Romania",190,"Peloponneso","Romania",22.37349,37.5079472,3909,42,"Romania","PROPN","SP","_",43,"nsubj","_","_",NA,NA
"325","Romania",190,"Peloponneso","Romania",22.37349,37.5079472,2787,24,"Romania","PROPN","SP","_",20,"obl","_","SpaceAfter=No",NA,NA
"326","Sardigna",230,"Sardegna","Sardigna",9.0128926,40.1208752,781,5,"Sardigna","PROPN","SP","_",3,"obj","_","_",NA,NA
"327","Smirre",250,"Smirne","Smirre",27.142826,38.423734,6577,94,"Smirre","PROPN","SP","_",96,"obl","_","_",NA,NA
"328","Smirre",250,"Smirne","Smirre",27.142826,38.423734,6821,34,"Smirre","PROPN","SP","_",31,"obl","_","_",NA,NA
"329","Smirre",250,"Smirne","Smirre",27.142826,38.423734,6477,36,"Smirre","PROPN","SP","_",33,"nmod","_","SpaceAfter=No",NA,NA
"330","Smirre",250,"Smirne","Smirre",27.142826,38.423734,6882,13,"Smirre","PROPN","SP","_",8,"obl","_","SpaceAfter=No",NA,NA
"331","Smirre",251,"Smirne","Smirre",27.142826,38.423734,6577,94,"Smirre","PROPN","SP","_",96,"obl","_","_",NA,NA
"332","Smirre",251,"Smirne","Smirre",27.142826,38.423734,6821,34,"Smirre","PROPN","SP","_",31,"obl","_","_",NA,NA
"333","Smirre",251,"Smirne","Smirre",27.142826,38.423734,6477,36,"Smirre","PROPN","SP","_",33,"nmod","_","SpaceAfter=No",NA,NA
"334","Smirre",251,"Smirne","Smirre",27.142826,38.423734,6882,13,"Smirre","PROPN","SP","_",8,"obl","_","SpaceAfter=No",NA,NA
"335","Smirre",252,"Smirne","Smirre",27.142826,38.423734,6577,94,"Smirre","PROPN","SP","_",96,"obl","_","_",NA,NA
"336","Smirre",252,"Smirne","Smirre",27.142826,38.423734,6821,34,"Smirre","PROPN","SP","_",31,"obl","_","_",NA,NA
"337","Smirre",252,"Smirne","Smirre",27.142826,38.423734,6477,36,"Smirre","PROPN","SP","_",33,"nmod","_","SpaceAfter=No",NA,NA
"338","Smirre",252,"Smirne","Smirre",27.142826,38.423734,6882,13,"Smirre","PROPN","SP","_",8,"obl","_","SpaceAfter=No",NA,NA
"339","Smirre",249,"Smirne","Smirre",27.142826,38.423734,6577,94,"Smirre","PROPN","SP","_",96,"obl","_","_",NA,NA
"340","Smirre",249,"Smirne","Smirre",27.142826,38.423734,6821,34,"Smirre","PROPN","SP","_",31,"obl","_","_",NA,NA
"341","Smirre",249,"Smirne","Smirre",27.142826,38.423734,6477,36,"Smirre","PROPN","SP","_",33,"nmod","_","SpaceAfter=No",NA,NA
"342","Smirre",249,"Smirne","Smirre",27.142826,38.423734,6882,13,"Smirre","PROPN","SP","_",8,"obl","_","SpaceAfter=No",NA,NA
"343","Valcava",46,"Borgo San Lorenzo (FI)","Valcava",11.3847483,43.9543788,9258,59,"Valcava","PROPN","SP","_",54,"obl","_","SpaceAfter=No",NA,NA
"344","Visalgo",154,"Mallorca","Visalgo",3.0175712,39.6952629,1512,27,"Visalgo","PROPN","SP","_",25,"nmod","_","SpaceAfter=No",NA,NA
